ip,association_id,allocation_id
13.228.137.118,eipassoc-065e0b17c9b940846,eipalloc-081c15e2c1c626e9d
18.141.82.24,eipassoc-c089e53c,eipalloc-0f05c0c838c62a765
46.137.242.7,eipassoc-0c2b3c95866c4ded4,eipalloc-0d9ab3bb31a056f85
52.77.34.226,eipassoc-0e495697ad872ae85,eipalloc-03773450538de5f97
54.151.229.203,eipassoc-0c31f3f61a0e66899,eipalloc-0682ca5e1b608bd1f
54.179.10.3,,eipalloc-08ac7e1d30dbf4db9
54.251.221.79,eipassoc-0c5a9ea4fa30a7d19,eipalloc-0298dc97a91e0bd41
54.251.76.225,eipassoc-0a469178d3dc61262,eipalloc-0f9b552c191292341
13.228.119.48,eipassoc-6c4dc8a1,eipalloc-0215c11ff382fc405
3.1.37.199,eipassoc-5c0061a0,eipalloc-0399f5f52d109ea70
54.255.142.222,eipassoc-c5fe7908,eipalloc-09e6c4f227473dea7
13.228.36.233,eipassoc-0800b9c5,eipalloc-0dd6a28f36c3cc192
18.139.213.115,eipassoc-0b335500d6636b6e5,eipalloc-053ffb8fad40ac4d1
18.140.191.79,,eipalloc-025b26fc9cefc2f60
18.140.227.8,,eipalloc-04ebfb1a5af792b9a
52.220.78.17,,eipalloc-0764e9fd906cde956
54.179.1.218,,eipalloc-0e26264be1dc2a89a
13.250.147.190,eipassoc-de53d713,eipalloc-013a4629741aaf9c1
13.251.19.45,eipassoc-0954d0c4,eipalloc-09c6378e5a8f8a832
18.140.141.137,eipassoc-904eca5d,eipalloc-00f5bcc192bc49295
54.255.240.64,eipassoc-c6158e3a,eipalloc-088ce924c23de4327
13.251.193.166,eipassoc-8d4bf740,eipalloc-0f673a19043d5532b
18.140.168.150,eipassoc-672b34bc,eipalloc-0bcdf15a12d4398bf
18.140.190.34,eipassoc-02534d7ce35f6b71f,eipalloc-06dad9c17df4827e7
18.140.209.10,eipassoc-a3940a5f,eipalloc-003ac58e21993c188
52.220.46.230,eipassoc-04ab52b186c90ac32,eipalloc-077fc84ced9733f3a
54.169.72.254,,eipalloc-090afb7a91f967a1f
54.251.99.228,eipassoc-032963f1c9be750a5,eipalloc-05f4e20e6d99ad349
18.138.108.37,eipassoc-70d4408c,eipalloc-01207c7bd82a236ce
18.138.63.115,eipassoc-b326b34f,eipalloc-09022789d570d855d
18.140.171.34,eipassoc-89d26944,eipalloc-05cd2284fc569881d
13.228.53.153,eipassoc-20060b47,eipalloc-e1043684
13.229.194.232,eipassoc-bb996386,eipalloc-30b4fe0a
52.74.43.82,eipassoc-f0ab1796,eipalloc-72554d17
18.138.29.148,eipassoc-0179d1a7ec0272f14,eipalloc-0c92047c8613839a4
18.141.59.164,eipassoc-08008bc6dd5eb632d,eipalloc-0c10349cc5fe1f8e9
52.220.175.171,,eipalloc-0c367f6ee4105102e
52.74.175.196,eipassoc-f521a338,eipalloc-09ea3baff5a81d4e8
54.254.106.245,eipassoc-0dbb0b4d590f5921d,eipalloc-0ef0e93744007b212
13.251.152.35,,eipalloc-0d48bd64777007fb0
13.251.54.172,eipassoc-c3d65c3f,eipalloc-085dba68e15cae9a3
18.136.96.73,eipassoc-ac989377,eipalloc-089866ca9270db590
3.0.165.163,eipassoc-696ec6a4,eipalloc-0ae0a24e3e7e00f44
13.251.47.156,,eipalloc-0b89d2a22fd9576ed
18.136.165.179,eipassoc-f1727f2a,eipalloc-096b5f819ab80cc70
52.74.171.102,eipassoc-7847e4b5,eipalloc-09e208464faf24886
52.77.48.165,eipassoc-abff7257,eipalloc-096ce47d4235ad01a
13.228.53.26,eipassoc-747378af,eipalloc-02b46084f849a3a1e
13.251.159.102,,eipalloc-0bf403df48ba93a7a
13.251.159.237,eipassoc-8c727157,eipalloc-fc213ec6
13.251.183.167,eipassoc-af4dca53,eipalloc-ff203fc5
13.251.185.207,eipassoc-f500a438,eipalloc-ff213ec5
13.251.67.34,eipassoc-e68e232b,eipalloc-00fd50ccd087d232e
18.136.67.59,eipassoc-a853ff65,eipalloc-0cd9408fc07cb26c6
3.0.106.122,eipassoc-feaaa625,eipalloc-087fae4cae232ba8a
3.0.164.30,eipassoc-51b833ad,eipalloc-047307b1ba9043b38
52.76.175.236,eipassoc-8191227d,eipalloc-739c9249
52.77.176.147,eipassoc-a6747a7d,eipalloc-033f799bdd7d4bee7
52.77.181.47,eipassoc-dea5a205,eipalloc-8ba0a8b1
52.77.201.143,eipassoc-a283506f,eipalloc-022b2638
52.77.40.65,eipassoc-5d9917a1,eipalloc-0aa90cd69c2482241
54.169.103.41,eipassoc-703eb28c,eipalloc-052c2aad9303ac236
54.254.235.96,eipassoc-ab3d9466,eipalloc-0ff544f32183e4831
18.139.89.242,eipassoc-e8eaf633,eipalloc-067a2f8a6d1710f61
13.251.216.23,eipassoc-58c2c283,eipalloc-036b8964d59dbc6ba
13.251.248.62,eipassoc-634e94ae,eipalloc-085493651933852aa
18.136.20.51,eipassoc-5844c1a4,eipalloc-04ce11b6a66c5fe50
18.138.101.90,eipassoc-fc15bf31,eipalloc-091d72fbd8db4bbae
18.139.5.10,eipassoc-fea84724,eipalloc-04158a470234a44af
18.141.92.222,eipassoc-05d5bcf9,eipalloc-0a5b53cef3b294d5e
3.0.2.240,eipassoc-1558d7d8,eipalloc-0ad72f59c382d3cb1
13.228.20.6,eipassoc-c1b63b3d,eipalloc-7a3c1440
13.251.109.43,eipassoc-0255a0ec51e157994,eipalloc-1b594921
18.136.88.24,eipassoc-eade4616,eipalloc-07e6b73c0c009ec99
18.139.150.242,eipassoc-0b873ff6ebf1f19fc,eipalloc-0863dcd1e5b30c5a0
52.220.248.83,eipassoc-517f7f36,eipalloc-7db38318
52.74.124.154,eipassoc-063deac14c1b99594,eipalloc-027a506fdb2b69261
52.74.135.191,eipassoc-0de22a73a84175c8a,eipalloc-05b4a872f68285324
52.76.192.252,eipassoc-04eb3b286c2f21388,eipalloc-73bf8d49
52.76.207.170,eipassoc-0240e4789afd15b97,eipalloc-08f937042838b98a3
54.254.27.195,eipassoc-0974c361a3a90b73f,eipalloc-0e149c00be8a69b47
13.228.48.98,eipassoc-09ce083da36963449,eipalloc-01513ee0e35de1518
13.251.219.55,eipassoc-015ed579a301af061,eipalloc-0650d67816155a02a
18.136.173.143,eipassoc-25f67ed9,eipalloc-0988588f84d8fc482
18.138.189.252,eipassoc-012245c2c6ba04f4c,eipalloc-0355debb0f9151c42
3.0.10.238,eipassoc-0cad83f8ab0f4d2d8,eipalloc-046ea8315e5de4cb3
3.0.109.75,eipassoc-00d51b39f731d9394,eipalloc-0f4387582190d4d15
52.220.24.181,eipassoc-0e5e8e5da0a248335,eipalloc-02548d6c77c1106a3
52.74.149.28,eipassoc-0f5368bd64518414f,eipalloc-02d44e63c2e90c45d
52.77.129.6,eipassoc-0d1d22a2e42e71132,eipalloc-0434f2e23d82bf642
54.251.96.149,eipassoc-0fa7ba91ee5097c40,eipalloc-0b67d27f8b555a3f1
54.255.24.247,eipassoc-021e9817fe64c5fd8,eipalloc-0f6e2b294f7ef90bc
13.250.188.207,eipassoc-ea1ff616,eipalloc-38b29702
13.251.208.155,eipassoc-2bcf42d7,eipalloc-0b83cb94fe25b6a85
18.141.97.189,,eipalloc-09c9c9b378f00aa11
13.228.180.85,eipassoc-97ea575a,eipalloc-0e4a9f47ed290d079
13.228.40.141,eipassoc-206bd0ed,eipalloc-0a1093bc837888838
13.228.88.127,eipassoc-538c0a9e,eipalloc-0d94f1e807bb6213f
13.229.24.172,eipassoc-8d2fcc57,eipalloc-0bbc732931eade3c3
13.250.155.52,eipassoc-f371b9ce,eipalloc-a2134598
13.251.79.48,eipassoc-01b9767a961ce3802,eipalloc-052a0167f07a6cce7
18.136.167.254,eipassoc-021c5cc34e7b018cb,eipalloc-0c84326be34e72cbe
18.136.227.44,eipassoc-5715f38d,eipalloc-0ef3ed0591dce75ca
18.136.23.174,eipassoc-b5c77478,eipalloc-04c7a42b45e767a43
18.138.116.245,,eipalloc-0977493da4e58f15e
18.139.165.24,eipassoc-771f7f8b,eipalloc-00df3aee2f5543229
18.139.187.223,eipassoc-ece56621,eipalloc-0005a52a89d59350a
18.139.36.88,eipassoc-e3d85b2e,eipalloc-0f3d3e6d5b29482ce
18.139.8.164,eipassoc-0943ad00c1dc1ce7c,eipalloc-07fee7c7336b951f7
18.139.9.194,eipassoc-4d607296,eipalloc-02b58ef1c90f3c692
18.140.167.82,eipassoc-87aeb35c,eipalloc-05023ee6522d1361c
18.140.219.165,eipassoc-9da64447,eipalloc-0f217e9ecd800c459
18.141.34.204,eipassoc-012e8fb10db4f96eb,eipalloc-01910505b6e01a3d4
3.0.113.90,eipassoc-1062e1dd,eipalloc-0a30b404633cf88a4
46.137.255.207,eipassoc-0c822a7554b0c1c84,eipalloc-0d59e1406cea93f45
52.220.139.245,eipassoc-9b452867,eipalloc-014092f5de853c777
52.220.189.241,eipassoc-8ed83b54,eipalloc-0a13e256a5777964b
52.220.195.221,eipassoc-d1c3ae2d,eipalloc-008979e84c9a7e87e
52.221.122.87,eipassoc-a31a885f,eipalloc-04d4dcd5dc990eddb
52.76.24.177,eipassoc-5e79e5a2,eipalloc-0588ec0f90436f98a
52.77.119.66,eipassoc-1a4b0f7d,eipalloc-a54d16c0
52.77.94.231,eipassoc-df5511b8,eipalloc-864c17e3
54.169.70.61,eipassoc-22610cde,eipalloc-0331aaf9d7ceca9b9
54.179.1.142,eipassoc-0a5f21effb858058a,eipalloc-00d396799b38d7283
122.248.210.23,eipassoc-08e76ea03d89f4deb,eipalloc-0b4e1c84b6518f010
13.250.230.68,eipassoc-0848572dce7aeeb42,eipalloc-0476e840a0c02719f
18.141.71.188,eipassoc-064f76e2de1ffc278,eipalloc-068842d0120acec78
52.220.133.70,eipassoc-0d36ac37,eipalloc-a62bbb9c
54.255.93.32,eipassoc-02f4c4a91c54f763f,eipalloc-0432e5785d3c8fbba
13.228.117.197,,eipalloc-03393866
13.228.119.9,eipassoc-73de24be,eipalloc-19d5ef23
13.228.159.132,,eipalloc-a65f4cc3
13.228.228.192,,eipalloc-23190e19
13.228.33.190,,eipalloc-0042674bda58ade46
13.228.54.98,,eipalloc-3b22ba01
13.229.185.252,,eipalloc-1b8d8621
13.250.129.172,,eipalloc-01a38d3b
13.250.147.176,eipassoc-056ca3c8,eipalloc-bf060485
13.250.152.242,,eipalloc-0672b34e06d17b967
13.250.193.36,eipassoc-fc09f231,eipalloc-2643791c
13.250.229.110,,eipalloc-a7ba8e9d
13.251.111.16,,eipalloc-fb9580c1
13.251.135.105,,eipalloc-f1373ccb
13.251.233.45,eipassoc-c2e9480f,eipalloc-fdccd4c7
13.251.37.154,,eipalloc-bf363d85
13.251.66.87,,eipalloc-0c414c36
18.138.140.140,eipassoc-8679e87a,eipalloc-0a5665dc881b96145
18.138.141.143,eipassoc-0be355c6,eipalloc-0c111cb5bce433254
18.138.48.65,eipassoc-b9a9bf62,eipalloc-0b494a121f65ca96c
18.138.97.119,eipassoc-c9a31404,eipalloc-013405c993068e470
18.139.65.155,eipassoc-5b26b0a7,eipalloc-0c04c40adce78f896
18.140.217.15,eipassoc-0cf5ebd7,eipalloc-08fcfb7c6bf6fd9bd
3.0.113.61,eipassoc-a93a3472,eipalloc-0c1b2a144338cca3a
3.0.220.149,eipassoc-e654da1a,eipalloc-0983ff4813edf4e38
52.220.160.211,eipassoc-1d7840c6,eipalloc-42d5ef78
52.220.9.75,eipassoc-7e538b82,eipalloc-43d5ef79
52.221.45.158,eipassoc-5b9b43a7,eipalloc-d2407ae8
52.74.96.188,,eipalloc-0043623ffcc65d122
52.76.0.112,eipassoc-a323f65f,eipalloc-98cdffa2
52.77.115.194,eipassoc-046c7ddf,eipalloc-09033ac30a8b55edb
52.77.121.129,eipassoc-1b3f88d6,eipalloc-0b3ce28bcd60f5608
52.77.169.205,,eipalloc-022b2738
52.77.5.89,eipassoc-b21fb37f,eipalloc-0c3622fef25437906
52.77.50.184,,eipalloc-8b3b17ee
54.169.200.192,eipassoc-30b322cc,eipalloc-00b48e18bb1b3d88d
54.169.91.225,,eipalloc-06303b3c
54.254.163.23,,eipalloc-3d263307
54.255.158.152,,eipalloc-bd363d87
13.228.185.100,eipassoc-388b0fc4,eipalloc-6496055e
13.251.191.56,eipassoc-7c91fc80,eipalloc-0ec708959d4114f02
18.140.220.134,eipassoc-086ce9966a516419b,eipalloc-0ff38a78b7110c20e
52.220.202.156,eipassoc-8e93fe72,eipalloc-055b30b9a75022183
52.221.153.9,eipassoc-9d71cb61,eipalloc-194c177c
52.221.45.206,eipassoc-0c97faf0,eipalloc-09892e32bd864a351
54.251.178.103,eipassoc-8f93fe73,eipalloc-0390def1c83328401
13.228.93.17,,eipalloc-09a999e9656729b00
13.251.234.127,,eipalloc-0f4c1320a1925d0a6
18.136.170.191,eipassoc-08515cd3,eipalloc-0ce8aa05f4443c794
18.136.171.78,eipassoc-379d3efa,eipalloc-0d32a11120d26d56c
18.136.223.80,eipassoc-9133254a,eipalloc-0ab38ca3222328ead
18.138.100.202,eipassoc-0de08ff28868c650d,eipalloc-0de8208efc13e2464
18.138.159.136,eipassoc-3315a0fe,eipalloc-094672170d1e66d95
18.138.188.179,eipassoc-e744533c,eipalloc-0155036061faba76e
18.138.211.10,eipassoc-7599f689,eipalloc-02cd72f4f1991b8e1
18.138.90.190,,eipalloc-0ab092ee8253ee21a
18.139.129.220,eipassoc-023f2e3906119a7e8,eipalloc-08c742d095777df22
18.139.25.186,,eipalloc-09b807b7f0a98a8c5
18.139.5.217,eipassoc-d6a4332a,eipalloc-0fc9b1b0cabdd1041
3.0.113.156,eipassoc-029b1b6c8f2be5b88,eipalloc-0d260c7bd0d002ca1
3.1.113.37,eipassoc-9bcd7a56,eipalloc-0514719bb33d8ccfd
3.1.170.186,eipassoc-071086fb,eipalloc-05bf87fbfc52a8d2f
52.74.186.92,eipassoc-1daf22d0,eipalloc-01533066eddfce9b2
52.76.155.197,eipassoc-2ec14cd2,eipalloc-03243da53e9c6ffe5
52.76.251.167,eipassoc-be3fd264,eipalloc-01829ccc62022b1f1
54.254.198.192,,eipalloc-002dfae5ef3fabade
13.250.234.85,eipassoc-f9339134,eipalloc-0e0280edc6d2177f9
13.251.140.226,eipassoc-0cdcfe2d9055babce,eipalloc-06fa55fe2542ee1ac
13.251.142.119,eipassoc-58309295,eipalloc-0bd1dd1588700dc03
3.0.1.97,eipassoc-0c6ba5bf69522c318,eipalloc-072750b19089fef5a
18.139.188.221,eipassoc-dbbb0a16,eipalloc-0e817d82dd2843849
18.139.237.178,eipassoc-0c8bc690cca442f39,eipalloc-040d470bf04b243fb
18.139.73.38,eipassoc-4432229f,eipalloc-01694b87264e3a18a
52.74.208.193,eipassoc-af30a053,eipalloc-02ec4a08f09a3193b
54.179.11.66,eipassoc-088b9ce1943aa9262,eipalloc-01555ad4f2608d3a5
54.179.196.79,eipassoc-0abd5383246d4f711,eipalloc-0ba4c039a93e08356
54.179.204.164,eipassoc-08b936b59e7ab14f4,eipalloc-02716bcfd5d6b1ae4
54.251.16.41,eipassoc-0d78dd472a59149ba,eipalloc-0b4379061ed67e3ec
54.251.192.115,eipassoc-002677de61886cab9,eipalloc-08ea76be0f3db4c6f
18.139.93.125,eipassoc-c2c4440f,eipalloc-0996d426647bef4e3
13.251.177.34,eipassoc-bb0ba676,eipalloc-09e974d123e5c89f9
13.228.68.56,eipassoc-053eb7247f80c395a,eipalloc-0e44c6fa14a228b44
13.251.195.203,eipassoc-752f8cb8,eipalloc-0db03a41a92733582
13.251.253.192,eipassoc-014c1dc5e7a74026e,eipalloc-0ac8dddb5891d0ea7
18.136.174.4,eipassoc-0b8807f7,eipalloc-0c8a02e34f85f6369
18.136.92.178,eipassoc-e0028e1c,eipalloc-00b3bdfb6a0324291
3.0.214.223,eipassoc-e457fb29,eipalloc-005bc106b26a47409
13.229.170.177,eipassoc-ca844ff7,eipalloc-a11f4d9b
13.250.168.40,eipassoc-0369c0cf0001de2f2,eipalloc-01e108ac8bd442f8a
3.0.171.148,eipassoc-0985b1b8c3d4140d1,eipalloc-080b1b7d7692eee89
3.0.243.73,eipassoc-027e2665b88bacf09,eipalloc-04a48bcbcf8e58caf
52.77.0.171,eipassoc-73151fb9,eipalloc-983c64a2
18.136.133.162,eipassoc-ebce4117,eipalloc-01b85a5479d1d8d74
13.251.149.153,eipassoc-5b4acb96,eipalloc-0c735d9c5245072e5
18.140.180.92,eipassoc-098eedf5,eipalloc-00499892401644090
18.140.218.125,eipassoc-f1a53b0d,eipalloc-04052e20fce547cad
3.1.172.57,,eipalloc-037ab07d86b033656
52.77.130.223,,eipalloc-091d7fe8a563f25b6
13.228.67.42,eipassoc-0616459dfa603147e,eipalloc-0a3a252adcce25e8a
13.251.170.66,eipassoc-fc49df00,eipalloc-0a14519e2c00ec34f
13.213.236.116,,eipalloc-0508763453f241b78
13.251.13.147,eipassoc-5c11e891,eipalloc-4890a872
3.1.34.167,,eipalloc-01affa7b942391aa2
52.221.76.75,eipassoc-b8362572,eipalloc-2f0d2b15
122.248.231.153,eipassoc-0821618dad78768d0,eipalloc-0a5fb378834b2ee7b
13.228.1.40,eipassoc-099b6fe87965a4641,eipalloc-1f950425
13.228.120.14,eipassoc-043d3047154ad2ae0,eipalloc-0c278fa3eea871109
13.228.134.75,eipassoc-08632db9e151a8ef1,eipalloc-5772116d
13.228.231.20,eipassoc-01c187f0441993020,eipalloc-f8d4c29d
13.228.240.29,eipassoc-0e03b911c634281a0,eipalloc-0d022baca2b02d914
13.228.97.129,eipassoc-0758b6cffce402ef9,eipalloc-0ea7e7c811535c7d7
13.229.191.42,eipassoc-0a71389d9e318a2a5,eipalloc-0dbaf737
13.229.32.157,eipassoc-0e2df0a049525a2db,eipalloc-04a8c2879da82ba3f
13.250.131.62,eipassoc-0fe5f593af898dead,eipalloc-008ec13a
13.250.141.167,eipassoc-06788a057ec41d3c3,eipalloc-881956b2
13.250.226.39,eipassoc-00bf424b397824d34,eipalloc-0d4b602c0ed270eb8
13.251.101.98,eipassoc-0ddeb822685764435,eipalloc-c3d0c7f9
13.251.136.100,eipassoc-07ff460a671a44f3e,eipalloc-0dedb709fd7afe645
13.251.145.126,eipassoc-0bbb9bf5194410f97,eipalloc-0735731cf8f32d467
13.251.175.3,eipassoc-07105f962cb15805e,eipalloc-0095e236a95558174
13.251.19.1,eipassoc-0916c9ce18cf36ec6,eipalloc-078358f97c9c4303e
13.251.243.244,eipassoc-0346a29e2f778146e,eipalloc-0484f14ca697ebd76
13.251.70.166,eipassoc-09f8273da88ebc479,eipalloc-002367c9e941dff82
18.136.144.64,eipassoc-0c11e62ece316dec1,eipalloc-037200a9370a4b025
18.136.186.78,eipassoc-02ed9d1993709f70b,eipalloc-0997a3aacbad96f86
18.136.218.144,eipassoc-06ca5d33e8aad27e9,eipalloc-0079f7a0ce291c137
18.136.237.210,eipassoc-03e6d07a1f9683b32,eipalloc-030b99715871099a5
18.136.38.185,eipassoc-0f0fef68f6d2107cb,eipalloc-04cd341323b6bf639
18.136.39.109,eipassoc-04bf8bbd32f776306,eipalloc-04f21920afdca7e0a
18.136.7.180,eipassoc-02f263a85e5972a93,eipalloc-0002674a5e04dcd11
18.136.85.35,eipassoc-0a6dd8e75f86a794d,eipalloc-0d0c7594e62ccbbf2
18.136.87.18,eipassoc-036070ab1d933aa31,eipalloc-0c1259d3989339e26
18.138.115.10,eipassoc-04eb2375ea4af78c1,eipalloc-09d587eed09761cde
18.138.140.121,eipassoc-027ee2c317a2329c1,eipalloc-01082897033ec5daa
18.138.82.32,eipassoc-0e017a6bf95d57fe7,eipalloc-0241145cd38e47a4b
18.139.104.41,eipassoc-0c16792ceefa4b0e6,eipalloc-047458fec35bc3091
18.139.134.131,eipassoc-01e4bcac354d167d4,eipalloc-05a3e7015ef77793d
18.139.140.213,eipassoc-0acfdbf72999cffa1,eipalloc-02b7b8e384a48460f
18.139.19.14,eipassoc-04a6b61a41123b165,eipalloc-077e72533b360ebaf
18.139.232.25,eipassoc-037f08176647b656e,eipalloc-0da413b32e0737f6a
18.139.27.111,eipassoc-0cd14d124151e0f2e,eipalloc-0554d3c726e80042d
18.139.65.169,eipassoc-007f85eccbefff94c,eipalloc-01a40e2e7a55bb472
18.139.81.170,eipassoc-0bade8b8d04222d6d,eipalloc-0bd78ecdefb85308a
18.140.73.174,eipassoc-034d02c938dc50f87,eipalloc-081131a860d7aba5f
18.141.54.148,eipassoc-06b568f6a93ccae92,eipalloc-00153986e47d78176
18.141.77.31,eipassoc-024ef4f6d67396d43,eipalloc-01a362f389e21eba6
18.141.86.157,eipassoc-0fbd1281089be8f70,eipalloc-0f2ef42a43e638eed
18.142.70.201,eipassoc-0d68313347696d873,eipalloc-06c91ecad85d055d5
3.0.121.30,,eipalloc-09ea70297eb775110
3.0.87.204,eipassoc-0fedda944ce822c02,eipalloc-0a99f736a80444695
3.1.134.247,eipassoc-02e68313d7b5d5674,eipalloc-04000e71fdcf5d327
3.1.145.27,eipassoc-085f88a556314a8df,eipalloc-072f224672d1c2f97
3.1.192.165,eipassoc-04134b32c46ddb3ca,eipalloc-04a0d2e34b3ac592d
46.137.233.154,,eipalloc-0a6b180dd0ed54532
52.220.148.214,eipassoc-03225b224fb6a210c,eipalloc-271c5e42
52.220.168.144,eipassoc-0ff9d2e2b69fb02f1,eipalloc-39603b5c
52.220.169.108,eipassoc-00a03732fb04938af,eipalloc-15673c70
52.220.170.8,eipassoc-03b5f03d1de2396a8,eipalloc-8287eae7
52.220.201.119,eipassoc-0870465dd13d61e37,eipalloc-0318eb62e31ceacf0
52.220.235.224,,eipalloc-001c4a3a
52.220.35.7,eipassoc-0128680d3024769be,eipalloc-0aa88e310229c4abf
52.220.8.68,eipassoc-0e7c5649db9913f1f,eipalloc-3020b30a
52.221.151.163,eipassoc-04e352177c94d26c5,eipalloc-f5663d90
52.221.159.223,eipassoc-303aa50a,eipalloc-a073e29a
52.221.45.13,eipassoc-0d42750b7e8d2753f,eipalloc-9c084bf9
52.221.47.9,eipassoc-3aa81c5d,eipalloc-26bdfe43
52.221.49.75,eipassoc-0e51fd1670b98b5c8,eipalloc-922b69f7
52.221.74.121,eipassoc-0486b555c00f29778,eipalloc-08a8430463b3c5f86
52.74.202.227,eipassoc-08ccf2c1679bd6d98,eipalloc-b62a68d3
52.74.224.66,eipassoc-0176464d077ee765d,eipalloc-969b5cf3
52.74.231.159,eipassoc-05b8f55f73d9fa224,eipalloc-03a531b4d90848f83
52.76.113.242,eipassoc-088cd81de241d4ea5,eipalloc-a3bbc0c6
52.76.153.247,eipassoc-0b259ccf048caca26,eipalloc-ab26b591
52.76.23.212,eipassoc-07eb8c25a2da00a56,eipalloc-3263f508
52.76.33.215,eipassoc-0a985e3d4f56ae410,eipalloc-1849e27d
52.76.93.218,eipassoc-0dbca3ab78c9cffb7,eipalloc-00a06f65
52.77.111.233,eipassoc-05d62891e465fee00,eipalloc-47673c22
52.77.41.84,eipassoc-037016236892e950b,eipalloc-02bb58a1a653312a2
52.77.88.188,eipassoc-6450ef98,eipalloc-bf5a71da
54.169.130.147,eipassoc-0c6e28c78046f9b20,eipalloc-07e04d4e58987ab79
54.169.214.253,eipassoc-e871498c,eipalloc-01e31e64
54.169.241.39,eipassoc-83f590e6,eipalloc-0be31e6e
54.169.252.50,eipassoc-c13552a4,eipalloc-f1bf4394
54.169.55.57,eipassoc-aae15167,eipalloc-0927aacd71d90dd5a
54.169.58.163,eipassoc-0db54804fb046a115,eipalloc-07cf148db25f6aa3a
54.179.193.26,eipassoc-0d5d6d8731edc49ed,eipalloc-0247cc8207f4158cf
54.179.216.178,eipassoc-04f9e412c6bc0ffe3,eipalloc-07ab11cbcf2736ac4
54.179.29.167,eipassoc-098076be720b139e0,eipalloc-09cbf524fdc10d339
54.179.47.73,,eipalloc-0bebeae37c933bf75
54.179.51.223,eipassoc-063d0d388658076f7,eipalloc-0b8d143be7d29b79b
54.179.6.167,eipassoc-0dd4975b37c95aa07,eipalloc-0642c727f6d8df03f
54.251.114.181,eipassoc-0d4442e5cfda6beef,eipalloc-02ffd126d22116107
54.251.122.240,eipassoc-0d74b48d3fe07740a,eipalloc-057ad10199dfcca23
54.251.228.39,,eipalloc-0b6018295c057c035
54.254.145.247,eipassoc-0a73864d7e8984bb8,eipalloc-02295b80240afd3fc
54.254.15.13,eipassoc-002adfb42c7a38cfe,eipalloc-099ce96a2c5dee631
54.254.157.25,eipassoc-03e5d9fdf9b10cfd1,eipalloc-0607423c65d185f1e
54.254.44.63,eipassoc-04f0efaadc8b5f2fc,eipalloc-0312840926913c42a
54.254.44.69,,eipalloc-05e0bde78ddb3297c
54.254.98.190,,eipalloc-05613d7e9414e64a9
54.255.2.75,eipassoc-0d12cbccd429133cd,eipalloc-08dfe6b0777580dc6
54.255.22.200,eipassoc-0b639aee342f8dffd,eipalloc-00c39781b18c6d588
54.255.253.28,eipassoc-0c96de83bc4341453,eipalloc-006b10066a1912174
54.255.3.156,eipassoc-06ff8d100f458e282,eipalloc-06a8ea2ea7548cf5c
13.228.126.158,eipassoc-3dca6c5b,eipalloc-41110324
13.228.67.53,,eipalloc-18bda17d
13.250.93.152,eipassoc-03a4d6703c44efc16,eipalloc-098972f31bdc653c2
18.140.103.70,,eipalloc-06d25519f7146c146
18.140.157.197,,eipalloc-0a3f7ced07712a32d
52.220.102.116,eipassoc-c5528c08,eipalloc-06d1e6cc9a89d044b
54.255.255.80,,eipalloc-0569c2bd2d555e928
18.136.12.74,eipassoc-0fc120de046e48e57,eipalloc-0d95faed0cfd9aa31
18.139.176.41,eipassoc-b5bb3678,eipalloc-0407dbc8c145257cd
3.1.121.229,eipassoc-0bf8718a47485ca55,eipalloc-0ad2e3abe7bd1af36
3.1.36.240,eipassoc-8fd07942,eipalloc-0a7b79c5b5532bff4
54.255.199.69,eipassoc-21d67cec,eipalloc-0101ddf0356c19e34
18.138.29.159,eipassoc-da833417,eipalloc-06fc41c13897bd2ee
3.1.177.177,eipassoc-e440f529,eipalloc-06bce02ab9f258894
52.77.95.162,,eipalloc-e19e2284
13.228.139.176,eipassoc-c4f36e38,eipalloc-0643348400d5431c7
13.251.217.25,eipassoc-78ab3384,eipalloc-029e6ae7d918d510b
52.74.153.171,,eipalloc-07904b597713a8c32
13.251.46.31,eipassoc-0a4bc32f9eb87d7db,eipalloc-0d3207e3fb13c98fe
18.139.12.88,eipassoc-08fd023d090b7e0a2,eipalloc-02ad1f283d3f34452
52.221.148.65,eipassoc-07c74314f1817b149,eipalloc-0fa3e083c7e4e23ac
52.76.172.39,eipassoc-0e9927cbfa15fab30,eipalloc-065a9118bd16cfd22
52.77.184.12,eipassoc-f609820a,eipalloc-096a11058a26dd1bf
13.228.18.159,,eipalloc-c77b47a2
13.228.251.23,eipassoc-04ed0b987aa113343,eipalloc-339dc509
13.229.162.138,,eipalloc-1abaf420
13.250.153.163,eipassoc-06f77740ccdf2aea6,eipalloc-3ba58701
13.250.221.182,eipassoc-033296c8d65f95e37,eipalloc-3aa58700
13.250.241.243,eipassoc-0f87d116422a3bd8a,eipalloc-96c1ecac
13.250.243.71,eipassoc-06668c50258f78213,eipalloc-b6c3ee8c
18.136.153.167,,eipalloc-0b0456f6ccfcd1792
18.136.154.68,eipassoc-058ab0ca77229832d,eipalloc-0d157e1cadfc5bedf
3.1.182.217,,eipalloc-0fdc41a5748297802
3.1.226.121,,eipalloc-0234919cbbd60b5b6
52.220.1.87,eipassoc-03e8e1ca60843d137,eipalloc-05843e60
52.220.10.172,,eipalloc-a3f87dc6
52.220.17.28,eipassoc-079f528233c32dd31,eipalloc-aac2ef90
52.220.232.75,eipassoc-0406568a18a15b329,eipalloc-9dfc87f8
52.220.255.178,,eipalloc-3da4e458
52.220.62.226,,eipalloc-779bf712
52.220.89.92,,eipalloc-505dd635
52.220.91.55,,eipalloc-4368fd26
52.221.156.205,,eipalloc-375f6b52
52.221.165.34,eipassoc-01ed6ddbe67b88a24,eipalloc-01200c64
52.74.117.219,,eipalloc-9129e0f4
52.74.164.156,eipassoc-0fae13ddbaea69fb4,eipalloc-bc853fd9
52.74.177.101,,eipalloc-11ba3e74
52.74.190.166,,eipalloc-abf51bce
52.74.198.105,eipassoc-0079890c2e79da394,eipalloc-12853f77
52.74.220.115,,eipalloc-857e95e0
52.74.230.23,,eipalloc-80bdf3ba
52.74.38.233,eipassoc-476d6b22,eipalloc-9975acfc
52.74.83.101,,eipalloc-f5689190
52.74.92.31,eipassoc-77db2b13,eipalloc-14da7171
52.74.96.29,eipassoc-062b128c42fac1af8,eipalloc-cff388aa
52.76.141.53,eipassoc-039148e5924b37456,eipalloc-887ac0ed
52.76.145.142,eipassoc-4ef6f72b,eipalloc-edea3288
52.76.255.184,eipassoc-b80107dd,eipalloc-b96cb5dc
52.76.26.241,eipassoc-0c18857d890288ae9,eipalloc-587ac03d
52.76.3.245,,eipalloc-8cca5ee9
52.76.33.135,eipassoc-d9da2abd,eipalloc-72d87317
52.76.50.186,,eipalloc-b6526e8c
52.76.9.2,,eipalloc-f0b00595
52.77.130.248,,eipalloc-22b50547
52.77.179.223,eipassoc-6c6dd708,eipalloc-0ea9176b
52.77.199.4,eipassoc-0deea2f85d76c5973,eipalloc-82cc77e7
52.77.201.183,eipassoc-0e57dfab5baae23bf,eipalloc-13853f76
52.77.202.233,eipassoc-0ab0cc6a9d9524dd0,eipalloc-0e942f6b
52.77.203.206,eipassoc-0d7d414240bf9b4cb,eipalloc-c6952ea3
52.77.203.26,eipassoc-05d2ff4dc58ed0421,eipalloc-51cc7734
52.77.203.31,eipassoc-06bd46f8d71ae3d0f,eipalloc-23ce7546
52.77.204.168,eipassoc-01d85fde08a68e375,eipalloc-b28b30d7
52.77.38.224,eipassoc-0743d7039d97a8320,eipalloc-0b282188af2bee46e
52.77.39.230,eipassoc-24281a40,eipalloc-12157277
52.77.7.202,,eipalloc-04943461
52.77.80.251,,eipalloc-d2a815b7
54.169.1.177,,eipalloc-0ce729047a6bb79df
54.169.102.110,,eipalloc-784a581a
54.169.137.152,eipassoc-2307a546,eipalloc-5a544c38
54.169.149.33,eipassoc-7802da1d,eipalloc-17352b75
54.169.164.82,eipassoc-09ea89268249bf712,eipalloc-00200c65
54.169.218.254,,eipalloc-2531c340
54.169.95.12,,eipalloc-9833d6fd
54.179.135.174,eipassoc-4071b325,eipalloc-8dddc9ef
54.179.161.52,,eipalloc-44a0b426
54.251.163.7,,eipalloc-01767268
54.254.188.145,eipassoc-b67060d4,eipalloc-33d1d851
54.254.217.234,eipassoc-44ed1821,eipalloc-c2ccc4a0
54.255.134.3,eipassoc-a39c33c6,eipalloc-c11affa4
13.228.48.11,eipassoc-073e2ea51788cbc1e,eipalloc-0bb99bbbe8921f352
18.136.137.98,eipassoc-1f4fc7e3,eipalloc-00666446dc930ab17
18.138.174.160,eipassoc-02ea6a92f5b67c2d1,eipalloc-0ca8154f9a1bb8eaa
3.0.108.168,eipassoc-08ac8611284ccfdfd,eipalloc-0a0d550cb315ff498
3.0.213.179,eipassoc-050b60895f41dcee3,eipalloc-04d8d4d152db12c0a
3.1.114.14,eipassoc-8fb63e73,eipalloc-072eb9c5772a6b1e6
3.1.15.193,eipassoc-07efa295c365f2d7b,eipalloc-06fb2710b1ea91805
3.1.187.215,eipassoc-c9ce6604,eipalloc-0fc7b5d3c85cf3d79
3.1.32.58,eipassoc-04be8d928e40cd855,eipalloc-0a2dc7813d7c8ea9f
13.251.229.25,eipassoc-0ac48adccbc0caceb,eipalloc-05e236d005b6be49b
18.136.225.205,eipassoc-044539d9ac606ac2c,eipalloc-0db897ebd4aaae3fe
3.1.34.103,eipassoc-d0b8131d,eipalloc-022a5d884dfc1d88a
13.228.137.70,eipassoc-7900c085,eipalloc-0a642089dbccf70cc
13.251.23.182,eipassoc-7da06381,eipalloc-09d30a6135601deb8
52.74.79.21,eipassoc-690aa6a4,eipalloc-0433450f73e2f5ff9
54.179.188.53,eipassoc-9b02ae56,eipalloc-0a1a11ae4637d654a
52.74.7.44,eipassoc-8408a849,eipalloc-d0d83ded
13.251.7.4,eipassoc-48ba8693,eipalloc-28063312
18.138.13.82,eipassoc-78a4c584,eipalloc-006546a6f42a3a90c
18.138.200.18,eipassoc-3153c5cd,eipalloc-0d8f9ac668f2b9724
18.138.206.194,eipassoc-4806b285,eipalloc-06bb8872d46166ada
52.221.160.72,eipassoc-f81c549f,eipalloc-03426666
52.76.101.3,eipassoc-789c341f,eipalloc-5a1f5c3f
18.136.18.250,eipassoc-60801e9c,eipalloc-0ef4b68f39dcd4b8b
52.220.151.185,eipassoc-7f40fcb2,eipalloc-0f2f85248928b3a28
52.77.15.97,eipassoc-0b70acc6,eipalloc-07dbf2df5a8036e36
13.213.205.126,eipassoc-0c6c4fe3ab695f484,eipalloc-092213c1a69357c86
13.228.139.237,eipassoc-2e24e548,eipalloc-ba313adf
13.228.39.80,eipassoc-0182649403ba55418,eipalloc-01701b468eef1e58b
13.251.18.181,eipassoc-a40dd958,eipalloc-992815a3
13.251.48.153,eipassoc-79f607b4,eipalloc-e63f02dc
13.251.51.217,eipassoc-e6f6072b,eipalloc-3a2b1600
13.251.87.19,eipassoc-09fe05c4,eipalloc-3d8fb407
175.41.177.183,eipassoc-0bb333c409676b4c0,eipalloc-05b68387e7f4cde86
18.138.163.197,eipassoc-0e50e29053dbc3117,eipalloc-05f50ea25fe549b34
18.138.211.189,eipassoc-09a434ba25e8b3b52,eipalloc-028e23b71d51aed8d
18.138.90.127,eipassoc-0e64dd92d68587234,eipalloc-0d646491547516d3f
18.139.109.154,,eipalloc-034ae38e69f40419f
18.139.238.56,eipassoc-0afa26680b816eb6c,eipalloc-017a6af82b77bcfc7
18.139.253.153,eipassoc-07b1bea1a8fbc1045,eipalloc-086a85f17a00cb92d
3.1.251.32,eipassoc-04b3cec818e6040ec,eipalloc-0437df9d6011ace18
46.51.223.2,eipassoc-0b43a0eb58e69a04b,eipalloc-06e380c4ac67e2fc5
52.220.143.25,eipassoc-0f1cc5f3,eipalloc-3c8fb406
52.220.200.103,eipassoc-0be1c33ad7f901d07,eipalloc-005962a012a43eac9
52.221.50.181,eipassoc-d880fee2,eipalloc-236df519
52.74.147.38,eipassoc-d509dd29,eipalloc-fc3e03c6
52.74.41.252,,eipalloc-04fcff733315c95f5
52.76.24.122,,eipalloc-093a506751932910d
52.77.27.31,eipassoc-e580fedf,eipalloc-a16bf39b
54.151.151.228,,eipalloc-082032d35ea40e7a4
54.151.152.65,eipassoc-0d4247a2cbeb2fc11,eipalloc-0746e9c0966318bcb
54.151.188.232,eipassoc-059ee8fa68b5ad58b,eipalloc-0ce896406a6f18456
54.151.226.94,eipassoc-0594254b75cfabe7c,eipalloc-0328df00fa4d04a09
54.255.115.221,eipassoc-0c7f4465e2b56d4f0,eipalloc-0e86e85e0d83072df
54.255.253.96,eipassoc-4629e820,eipalloc-863239e3
13.228.193.56,eipassoc-004c998f7a7ddcc07,eipalloc-ae7f6bcb
13.228.212.243,eipassoc-47814521,eipalloc-1b1f177e
13.228.66.221,eipassoc-1e814578,eipalloc-d61f17b3
18.136.139.99,eipassoc-0a611c23859c5efaf,eipalloc-0226f80c0813b266a
3.0.210.251,eipassoc-0d75f7a33cbce2540,eipalloc-0ed472bef46640acd
3.0.32.168,,eipalloc-08af26859888566f3
3.1.246.32,eipassoc-04eb56669309e4fb8,eipalloc-09d199a5027efda92
54.151.169.209,,eipalloc-07f0447908244ee44
54.254.16.187,,eipalloc-0973913d0689e43c2
13.228.111.207,eipassoc-37b068fa,eipalloc-a94a5b93
13.228.155.8,eipassoc-4a12ca2c,eipalloc-2a9b8b4f
13.250.150.79,eipassoc-b0d02b4c,eipalloc-0f765f35
13.250.195.47,eipassoc-d9886f14,eipalloc-e6775edc
13.250.243.232,eipassoc-563cca9b,eipalloc-4ba38b71
13.251.146.14,eipassoc-144af2e8,eipalloc-33485909
13.251.202.178,eipassoc-08328c9d81e2ad8b1,eipalloc-011bdad65d784190c
18.136.7.57,eipassoc-05c8429d94c7f0b68,eipalloc-0e212406a35980d02
18.138.55.104,eipassoc-03d73aedf3f540a44,eipalloc-01926d5699f8c9006
18.139.165.32,eipassoc-0fd82a6396bd1ce21,eipalloc-074ee5402a151cf01
18.139.244.30,eipassoc-0fdb5fac4109db316,eipalloc-0bb2428ac1964489d
18.139.247.216,eipassoc-0523ceaec6e33447a,eipalloc-061f8e935e73c9a5d
18.139.60.244,eipassoc-0f7a4edcfc9dc43f0,eipalloc-0a1bfded1a90c0b41
3.0.138.58,,eipalloc-0b177a5620655ef09
52.220.171.199,eipassoc-0f7f4fec993c62566,eipalloc-0eea6ec9c0fa0f277
52.221.19.245,eipassoc-d31fc7b5,eipalloc-0f99896a
52.221.51.205,eipassoc-a08f7e6d,eipalloc-e2330ed8
52.74.137.179,eipassoc-361aceca,eipalloc-0a330e30
52.74.18.181,,eipalloc-026b2730df2230ff8
54.151.141.136,eipassoc-073854fbf418e7bbb,eipalloc-0a488546604297e50
54.151.252.47,eipassoc-02d37aebeb10b7aae,eipalloc-029e495ccf19a7e28
54.179.103.43,eipassoc-079bfeebc7bfcaf61,eipalloc-064f55d6d7fda982d
54.179.70.14,,eipalloc-0963a60eade580054
54.179.83.81,,eipalloc-02610b53829342629
54.251.213.25,eipassoc-0c9f88a245bc0a2a9,eipalloc-0d4b6618ce05921fd
54.254.193.238,eipassoc-08392080273bcb232,eipalloc-0bd6cdba01ac6d3f6
54.254.47.246,eipassoc-02ac3d26584b6b5df,eipalloc-0a7874c37c13e8cbb
54.254.93.185,,eipalloc-023fa6260b6aaae4d
54.255.106.207,,eipalloc-0fc31b6faaed8aef3
13.250.200.41,eipassoc-d98ab002,eipalloc-039c0af1ce4199d7a
13.251.203.100,eipassoc-4c10b481,eipalloc-0d9c94900d3e65949
13.251.87.33,eipassoc-c7f33c0a,eipalloc-0a1f64000d3b62a81
18.136.39.47,eipassoc-b55add49,eipalloc-092adf97a89086daf
18.136.54.201,eipassoc-4e5addb2,eipalloc-0d4a8fce09838cb3f
52.74.98.52,eipassoc-ef3d9113,eipalloc-057527929575653a0
13.250.225.30,eipassoc-6221809e,eipalloc-058f8da23526447ae
13.250.69.40,eipassoc-b12de17c,eipalloc-009c19395339ecc5b
13.251.55.14,eipassoc-ff5ffe03,eipalloc-0c053f4eba4838937
13.251.76.237,eipassoc-5bcbf180,eipalloc-0a8e7c73159e50d11
13.251.85.245,eipassoc-977ebe5a,eipalloc-06d15a3f29dee1baa
13.251.86.247,eipassoc-bb369b47,eipalloc-00f5209cb5b96e68b
13.251.56.62,eipassoc-85e64379,eipalloc-0af26ad435afc51f3
13.251.73.87,eipassoc-1af9c1c1,eipalloc-0510d3fa9ea879209
13.251.92.166,eipassoc-4322e68e,eipalloc-070149ec24973f7ef
13.251.93.95,eipassoc-093566749f715b9cd,eipalloc-08dc7c19cc7f5ea53
13.213.142.46,eipassoc-0bd60d7a0d4e261a8,eipalloc-0f7e01c662a2883fb
13.251.218.33,eipassoc-03f7b8f8d6c26eade,eipalloc-04a54e8b57e32af7c
18.136.30.16,eipassoc-036c2a960110a485b,eipalloc-018acaa7a6e7e3fb9
18.138.67.36,eipassoc-0eb39e55997ca80bf,eipalloc-064898ce80ef1767a
3.0.252.254,eipassoc-030f99321c6efb23a,eipalloc-0e197192f166a70af
52.221.129.236,eipassoc-04a1db7b94a0d657a,eipalloc-050ded2e217280f63
52.221.150.115,eipassoc-0a69d766e90449820,eipalloc-05e82806a55ed11d5
54.254.78.238,eipassoc-01a48a979bd0509ec,eipalloc-08be555161f739e13
18.136.175.183,eipassoc-c55ad739,eipalloc-018e504b36aecf4cc
52.220.28.213,eipassoc-0f0d61af7b3a055e3,eipalloc-02b4d1f22e1663ad5
13.251.30.152,eipassoc-b07dd07d,eipalloc-0a85c28f321eb66d3
18.136.74.79,eipassoc-c4f67938,eipalloc-0bf45c802a5e7a92c
52.220.147.230,,eipalloc-00a726e70104b0a7d
52.77.139.253,,eipalloc-0b287063b8b95e64f
3.1.21.243,eipassoc-c168c70c,eipalloc-0849baa1f3e3f00f6
52.220.221.134,eipassoc-ea870816,eipalloc-05e14cff0d17a6844
13.251.57.178,eipassoc-148807e8,eipalloc-04e455d1152c782d3
18.140.100.41,eipassoc-f268f50e,eipalloc-0b9020be1cfa5d0e3
18.140.134.195,,eipalloc-042f541aff6d96be6
52.77.161.49,,eipalloc-0f0af863ecca834c8
18.138.108.84,eipassoc-72d34e8e,eipalloc-06bb416e2a30b06bf
18.139.11.63,eipassoc-c532a439,eipalloc-07f09c0f1228d4b2e
18.138.214.98,eipassoc-352197f8,eipalloc-06b3467f550e4fd01
18.139.97.102,eipassoc-5e2c9a93,eipalloc-0fa9a38af207d3b2a
18.139.141.56,eipassoc-0d2302dab52555e12,eipalloc-04d08c5bbaf87e24d
3.0.231.182,eipassoc-de53b504,eipalloc-0120115d956a26aae
3.1.129.137,eipassoc-047bb6280ba157256,eipalloc-0f1ea750191ccceb7
52.74.186.17,,eipalloc-005b018e4a2feec51
52.76.89.161,eipassoc-a2adcd5e,eipalloc-01079776bf7d3fabf
52.77.200.136,eipassoc-32a524ff,eipalloc-084bd77766fa82174
18.136.68.249,eipassoc-bbbf0b76,eipalloc-097bc8653ca925c7a
18.139.104.145,,eipalloc-0fda3bc33b5f337d1
18.139.42.93,,eipalloc-055e76f9e293e1493
54.169.163.236,eipassoc-243bacd8,eipalloc-01a5544e922b49c01
18.136.80.245,,eipalloc-0b2ecec682ed866db
18.138.219.148,,eipalloc-05ebd6bdbd7890877
18.138.97.4,,eipalloc-0f74bd9e07a928c3f
3.1.134.83,eipassoc-015ef5cc,eipalloc-096851da1887cb191
52.77.37.111,eipassoc-ed801511,eipalloc-0fcd27db0c0d108f9
18.138.23.123,eipassoc-ed239120,eipalloc-051a47bcc69bd1a46
18.139.141.82,eipassoc-8bb82477,eipalloc-03ab239504c2cc35d
18.141.79.214,,eipalloc-06a6bea2bcef7ee8d
52.221.39.232,,eipalloc-0f878385698b2d682
18.139.48.254,,eipalloc-04f2388266b11edae
18.139.92.106,eipassoc-bccfde67,eipalloc-0fa0fcc30f1ff3d01
18.139.184.84,eipassoc-359103c9,eipalloc-0de1c0ec7d16b29c9
3.1.190.56,eipassoc-96ea796a,eipalloc-0db5cea4c1afd7768
52.220.106.120,eipassoc-875bea4a,eipalloc-092450a956311c766
54.169.15.60,eipassoc-395eeef4,eipalloc-06f74f6fcba76791f
13.228.43.208,eipassoc-051f0fe40004f3f7b,eipalloc-0e25c531542c22509
13.228.86.149,eipassoc-ea58df27,eipalloc-0c0b109d58faea40b
18.138.45.4,eipassoc-15b157cf,eipalloc-064a2ecb025dca194
18.139.107.168,eipassoc-afbadb53,eipalloc-09951343f1ca9c35d
52.77.171.208,eipassoc-0100f839199a0c2ff,eipalloc-04e6cbb09a9540b50
13.228.217.7,eipassoc-c1d14d3d,eipalloc-017c3a6e8c64c23ac
18.138.161.84,eipassoc-010f3a6e4722986df,eipalloc-0a8e8917cf3c35714
18.139.195.55,eipassoc-e72f323c,eipalloc-0d9e9dd7899b86259
18.140.169.17,eipassoc-08585e67b85a8da8b,eipalloc-0595aade5b8088470
3.0.196.152,eipassoc-ec75c721,eipalloc-0519d057697f95bba
52.76.30.23,eipassoc-0d0a0b4b04d492e24,eipalloc-0adc5c4a4cc48df7e
18.138.131.235,eipassoc-9f71ef63,eipalloc-00eadcb5abc125ed9
18.138.80.53,eipassoc-51e45b9c,eipalloc-0919fc26116d954a7
18.140.211.136,eipassoc-ea8c9331,eipalloc-0a31b81a140b2d376
18.139.143.20,eipassoc-589c8183,eipalloc-0033783ae00d332aa
18.140.132.5,eipassoc-deac3022,eipalloc-0feae3333b5419c69
46.51.222.164,eipassoc-9417a559,eipalloc-0cf6a3cdecf2571a2
175.41.131.231,eipassoc-03c0a315d8cb2a537,eipalloc-089fd10db820a52de
18.139.122.183,eipassoc-09c3914208ece5d61,eipalloc-0b444aa0c6f6c7e74
52.76.246.191,eipassoc-0b87695e8e173cf33,eipalloc-085662fdc9f4f6c1c
54.254.109.58,eipassoc-04b04bc78945195d5,eipalloc-0260fc544b345477f
54.254.25.133,eipassoc-0be68a315d56780f6,eipalloc-027524132ee898194
122.248.195.141,eipassoc-03e9f4f3c24ea979a,eipalloc-04dc7cd93a2d593ae
18.140.226.24,eipassoc-071d2e97c03093722,eipalloc-0b295e7e3a9e4ea5f
46.137.244.55,eipassoc-05c16501bf1a06017,eipalloc-02e76103b561a867a
54.251.196.130,eipassoc-093320bd62ade79a6,eipalloc-0ccd1d31ee492992d
54.254.38.50,eipassoc-0485ba21f3db047b8,eipalloc-014a2a761af93c866
13.228.1.235,eipassoc-d056372c,eipalloc-0fa03d830c0dc7bef
13.228.119.211,,eipalloc-09dcf972e03ac4afb
13.228.249.51,eipassoc-e06a8e3a,eipalloc-0e05a5d8ea84ddc46
13.229.159.46,eipassoc-149410d9,eipalloc-0094e497d40126271
13.251.238.164,,eipalloc-0da0977849161e92e
18.140.184.150,eipassoc-446402b8,eipalloc-0f8f7135dcfb68550
18.141.88.205,,eipalloc-01dcb0889d806b9b1
52.220.75.67,eipassoc-01dd5acc,eipalloc-0e7f7ce581e9058d2
52.74.132.1,eipassoc-a65bbc7c,eipalloc-056178b2ecf2eed34
52.74.80.220,eipassoc-73f377be,eipalloc-06573ff1662c577e5
122.248.229.245,eipassoc-0cbc690b3a088d479,eipalloc-0265d4c6b13d55057
18.136.245.213,eipassoc-07fac606187fe9b4a,eipalloc-03d2b22887e9f7f0f
18.140.225.64,eipassoc-0481a7ecf7d31cfc1,eipalloc-09b8c02bf30ee0b0a
54.179.65.8,eipassoc-0e634ba6b66b9bbdc,eipalloc-09511eed7a8489054
54.251.109.98,eipassoc-06580f177a386f54b,eipalloc-0c8ee5132a91af65b
54.251.119.253,eipassoc-073c8784ea2709e82,eipalloc-09e6ba3ccac8a99a7
54.254.38.100,,eipalloc-09028150354a89aeb
13.229.185.163,eipassoc-04cee2bec3a438cc6,eipalloc-0d267d37
13.250.175.220,eipassoc-ab949e61,eipalloc-318bd30b
13.250.180.5,eipassoc-bdb65a41,eipalloc-ca89d1f0
54.169.28.219,eipassoc-eff1c534,eipalloc-998ad2a3
13.229.5.139,eipassoc-45ac4988,eipalloc-43f8d779
13.250.145.139,eipassoc-9302fc6f,eipalloc-19f7d823
13.250.250.69,eipassoc-52586889,eipalloc-77f5da4d
13.251.17.134,eipassoc-0b481b3c811a92bad,eipalloc-03944da90d21e1423
52.77.202.66,eipassoc-0393f86637b66d47e,eipalloc-0d15ef7148a32126e
13.228.147.18,eipassoc-f84aa7c5,eipalloc-69e7a753
13.228.198.162,eipassoc-49da70b5,eipalloc-a07b749a
13.228.39.240,eipassoc-012c2166,eipalloc-aaf1c3cf
13.229.0.155,eipassoc-c1f4c11a,eipalloc-28aef312
13.250.205.137,eipassoc-2039c7dc,eipalloc-4b103f71
52.220.140.15,eipassoc-20ad8c47,eipalloc-d01a47b5
52.220.98.87,eipassoc-684c020c,eipalloc-e8e7778d
52.221.105.221,eipassoc-ba52cddd,eipalloc-09d2846c
52.221.150.157,eipassoc-8d121fea,eipalloc-97f6c4f2
52.221.35.74,eipassoc-d93799be,eipalloc-84b6f6e1
52.221.40.178,eipassoc-1a36987d,eipalloc-6aacec0f
52.74.182.30,eipassoc-a65831c2,eipalloc-6aca430f
52.77.56.65,eipassoc-a066d4c6,eipalloc-0ccbd269
52.77.8.59,eipassoc-e3df4787,eipalloc-24800d41
13.228.105.112,eipassoc-de718f22,eipalloc-32cde208
13.228.228.221,,eipalloc-0bdbd431
13.250.245.110,eipassoc-9f5d6d44,eipalloc-2ccce316
13.250.250.14,eipassoc-74b154b9,eipalloc-3dcde207
13.251.188.226,eipassoc-b98e0f45,eipalloc-e4dec7de
3.0.107.244,,eipalloc-0661550a650a97722
54.254.195.109,,eipalloc-059fe8a6fe69f57bd
13.228.119.226,,eipalloc-08ce04f125243e5e7
13.250.247.253,eipassoc-d06e902c,eipalloc-87cee1bd
13.250.249.177,eipassoc-385c6ce3,eipalloc-86cee1bc
13.250.252.190,eipassoc-39b257f4,eipalloc-81cee1bb
13.251.19.176,eipassoc-0aa19fe168eb44ebd,eipalloc-025046d57557b0450
18.136.241.77,eipassoc-0ef7c1a20ecdaef17,eipalloc-07477a0df8bf615b3
18.136.72.16,eipassoc-0e80c0d303f2d0cb1,eipalloc-0416e9fdb6b0f702c
13.229.31.34,eipassoc-e819bb25,eipalloc-0eb62550ac072416e
13.251.134.180,eipassoc-d95fd325,eipalloc-064d85bb0c59f2284
52.74.251.4,eipassoc-f9ddd122,eipalloc-0183fb4d69cd5bca8
13.229.29.183,eipassoc-12d5ddc9,eipalloc-0bcec556f70ecb50a
3.1.1.175,eipassoc-101c94ec,eipalloc-0097d9a12856e807f
52.221.84.39,eipassoc-37c76efa,eipalloc-0cca39f7f182ac468
13.251.163.47,eipassoc-6017b5ad,eipalloc-0c2b551538bd81718
18.136.149.237,eipassoc-25cfc3fe,eipalloc-08dbb9c9bd0103975
52.221.83.110,eipassoc-2543cfd9,eipalloc-0684a579de628d427
3.0.242.244,eipassoc-c81e9634,eipalloc-09addf0e982f61e1a
3.1.1.237,eipassoc-35d871f8,eipalloc-076586deb070c9777
3.1.78.211,eipassoc-5dd1d986,eipalloc-02d350c97503f4d26
18.136.26.198,eipassoc-983db364,eipalloc-0b01058099dd01297
3.0.154.41,eipassoc-2d8b85f6,eipalloc-02d535f30a77a3007
52.74.41.174,eipassoc-e0b9162d,eipalloc-00af5b6e26a46b174
13.213.149.82,eipassoc-020caeedbbb46bf67,eipalloc-06fcc12c71c480414
13.228.7.78,eipassoc-02c4a2c37762c934e,eipalloc-016ba07c01b7b9f47
13.250.245.220,eipassoc-0cfad73b5c927b4a0,eipalloc-01d0b2e22213b2922
13.251.108.69,eipassoc-0b923fc6,eipalloc-093dd7c12cac43ed6
13.251.53.240,,eipalloc-01e59d458ce746305
18.136.117.32,eipassoc-17de51eb,eipalloc-043d3ced3e7eda685
18.136.9.155,eipassoc-134649c8,eipalloc-0952cc7149d220855
18.139.131.26,eipassoc-0c376a9127679a761,eipalloc-0c5042e214a906d50
18.139.185.78,eipassoc-094637c86fbefd0f2,eipalloc-00f96fde656a74c37
52.74.145.87,eipassoc-6f1bfcb5,eipalloc-0214a615a10a8253b
54.251.193.62,eipassoc-0a5cddd71fd22381f,eipalloc-04404c29eb8debf37
18.140.105.111,eipassoc-2c9e7cf6,eipalloc-01167ae524ae30bd9
3.0.120.78,eipassoc-2121a2ec,eipalloc-05f726250427e493a
52.74.191.95,eipassoc-de036f22,eipalloc-0a0c147b1e3ac1572
13.251.188.197,eipassoc-799578a3,eipalloc-01b8a28a9e21c2373
18.139.196.173,eipassoc-0ebf19be369fc65a6,eipalloc-0caeb76e47613e0f6
52.74.202.108,eipassoc-da147b26,eipalloc-01621077e57ae13c0
52.76.165.67,eipassoc-9520a258,eipalloc-0ccc62fae32ccf637
18.136.255.239,eipassoc-0288ea114dad0fde2,eipalloc-076123924a4c8fc1f
18.140.129.199,eipassoc-0d32e85d1c8162bd2,eipalloc-0cbc8fe9bb913dc45
52.77.179.169,eipassoc-081dbdb1031cfe5eb,eipalloc-0a0bdb6c73815b267
54.179.27.219,eipassoc-0ec7fd28fa518f55d,eipalloc-006452c94c58521e0
54.151.241.46,eipassoc-0167c133d9eecf85c,eipalloc-0de1d266bbe2d1777
54.255.32.122,,eipalloc-0e47b383b8fa77d08
54.254.19.42,eipassoc-0e23e2014caceaf94,eipalloc-038d1c68591228361
175.41.157.249,eipassoc-04b64c99bcc8a70c8,eipalloc-07ee01835821c3935
13.251.33.131,eipassoc-0507c6fd57b76e530,eipalloc-0ade0971ff94868d2
18.136.69.41,eipassoc-057488f20edd3d2b6,eipalloc-012c01518ddbcea41
18.141.106.62,eipassoc-08a9a9c11791023fd,eipalloc-0293fd3c6b159b41c
52.221.86.172,eipassoc-0f6bd281dddd0e687,eipalloc-0c2c5665282e9817a
54.169.153.204,eipassoc-030cd68ea7a8fa4ab,eipalloc-0ea957bd93b1f2302
54.255.26.121,eipassoc-0987b1f0ead2fc615,eipalloc-0ef4e0b31e008a201
3.1.7.60,eipassoc-0c8cc4305c0a776e8,eipalloc-04df64e611c20a5f1
54.251.129.29,eipassoc-04a9c2f65eb5db38c,eipalloc-044ab024f0b96bb36
54.254.233.143,eipassoc-07e182f51a154bc6c,eipalloc-021a3041b4193c5d9
122.248.227.147,eipassoc-03aff15940a19e5fe,eipalloc-0cc8638a215ec76d3
18.136.75.129,eipassoc-035b7ed7eaf6bf46d,eipalloc-03b261f7a4946257c
18.138.121.184,eipassoc-0d90e94f71be7a2f3,eipalloc-041467f024287b330
18.141.69.96,eipassoc-0b561e79343efadfa,eipalloc-0efdda1e72e940fc4
3.0.46.24,eipassoc-0464656ffff9ef6bf,eipalloc-048194943274e0028
54.255.83.0,eipassoc-0e3a49b7cab961d95,eipalloc-080f3761d912b44e3
3.0.155.16,eipassoc-0cd8ef14f0eeaaeda,eipalloc-09bf519d8d627f856
3.0.3.214,eipassoc-0ef08918e3d22667e,eipalloc-0de41e7cc87a167a0
